,sp500_cap_weight,sp500_equal_weight,sp500_price_index,universe_equal_weight
2021-01-04,-0.01361358450534167,-0.01442705848478587,-0.014754827521051062,-0.01650931579976253
2021-01-05,0.0068871008290989355,0.008512398995509374,0.007082595157549276,0.009551256226005972
2021-01-06,0.005978355776470545,0.02390164553421137,0.005709842747752214,0.02256067369430085
2021-01-07,0.014857464523840846,0.009938196798435772,0.014847403800101189,0.009212904006059534
2021-01-08,0.005698039536288446,0.0017546017352294552,0.005491862685268911,0.002017102905955162
2021-01-11,-0.006741150343686608,-0.0011422403483362098,-0.006554750898592476,-0.0014254182234289484
2021-01-12,0.00021133127944206187,0.007852425177180988,0.0004157884466327033,0.007407801231043252
2021-01-13,0.0026931018777263116,-0.003252634210970773,0.0022756417379066196,-0.0028702408427737124
2021-01-14,-0.0035020915280867815,0.0033393870223084043,-0.0037534511943366766,0.0030923300194669323
2021-01-15,-0.007292710667477054,-0.007488186922614992,-0.007190027975370938,-0.00718069807473269
2021-01-19,0.007851917818045617,0.004801051896051067,0.008136379515524483,0.0049063283026951655
2021-01-20,0.013838843702231207,0.006219180100955235,0.013935625421946263,0.006805996621817062
2021-01-21,0.0009116115233587241,-0.005050123756492608,0.0003167233075522802,-0.005378238827648506
2021-01-22,-0.0035396271100093246,-0.004242412390760397,-0.0030106116552376383,-0.00473214596714231
2021-01-25,0.003944142671729933,-0.0009130977184886868,0.0036158389430824833,-0.0007890063562840784
2021-01-26,-0.0015611816654906852,-0.004949877811580516,-0.0014888337468982327,-0.005112417558885684
2021-01-27,-0.024440008704015415,-0.023034908451332714,-0.025677883699462,-0.023347908915277306
2021-01-28,0.008599738728336304,0.008851608076924755,0.009760625975629766,0.011651329697184794
2021-01-29,-0.02001942220422004,-0.01778107137355378,-0.019311475173124593,-0.018229188010638435
2021-02-01,0.01664523371391624,0.01328073078292591,0.016051767614439383,0.012941714199399285
2021-02-02,0.014140485338782538,0.013184609956320648,0.013898223484416938,0.013504925207332824
2021-02-03,0.0007861858015378864,0.0026180967333417904,0.0010087690809532646,0.003002743150763484
2021-02-04,0.011365563175881777,0.01274835424912002,0.010853322230420792,0.01251688506684775
2021-02-05,0.003936209441881555,0.005156779945546086,0.003897495164625342,0.005610814849492728
2021-02-08,0.007221800303696568,0.011693790923982705,0.007399348360373592,0.011236378217576603
2021-02-09,-0.0006658903556655549,-0.00037270821512946917,-0.0011135249921484514,-0.0011242034179258
2021-02-10,-0.0004357447462186581,0.0030582442381463792,-0.00034518493235935477,0.003051837686518194
2021-02-11,0.001615165876777347,0.0002977162331887495,0.0016624551635393559,0.00043950323965784565
2021-02-12,0.004939720321132768,0.006022176984589844,0.0047110331133788375,0.005231982097910425
2021-02-16,-0.0008659336350805846,0.0007391210694758232,-0.0005692724183511411,0.0004013183712691826
2021-02-17,0.00022963568771494636,-0.0005170396362301766,-0.0003204020092266724,-0.0001831815248264699
2021-02-18,-0.004256121451651218,-0.005615692360717794,-0.004415835627354592,-0.005251568263136204
2021-02-19,-0.0017660331967135345,0.007579471102424629,-0.0018548966445751658,0.007116219485287056
2021-02-22,-0.0076915168914734044,0.001696120841278903,-0.0077328394581538396,0.0008996248326610425
2021-02-23,0.0012141692481280053,0.002650390845779338,0.0012563181187927874,0.0031254145027417917
2021-02-24,0.011019188650012612,0.015786702795890895,0.01135161376597904,0.014652813568698643
2021-02-25,-0.02409571340006056,-0.023276225577858356,-0.02447880752512621,-0.022170561070767023
2021-02-26,-0.005152693492490479,-0.0068087722997941524,-0.004750214169902844,-0.006816613885059216
2021-03-01,0.024240465137659983,0.02265296825880392,0.023790763506800205,0.021963385791763268
2021-03-02,-0.00780315482152627,-0.00495488004737088,-0.008080851690870694,-0.004007251343444602
2021-03-03,-0.01324559282322213,-0.005125816268791383,-0.01306622187199813,-0.005753908498194007
2021-03-04,-0.012374989896824395,-0.013616969627060271,-0.013417213930100202,-0.014445438960238366
2021-03-05,0.018396570754621866,0.022833938764984296,0.01949596819778221,0.0234713309492804
2021-03-08,-0.004978624120175801,0.006566371897149592,-0.005359231030161227,0.0061069010178155456
2021-03-09,0.01427746220657844,0.0014493180963504049,0.01415464230382213,0.0027940498839184565
2021-03-10,0.006224505448246154,0.010276856441180593,0.006030313342701321,0.010310572298806638
2021-03-11,0.010139250396020927,0.006734367211792769,0.010395487004435822,0.005986368029321874
2021-03-12,0.0013467822252473116,0.007614092800768413,0.0010153984958789497,0.00658057052592997
2021-03-15,0.005963376859312142,0.008474637266056684,0.006491921301497117,0.009440341268138887
2021-03-16,-0.0012611356721150546,-0.009244172945394147,-0.0015696837343783798,-0.00896843830865499
2021-03-17,0.0034097229485958724,0.00516018758864889,0.00287938213053085,0.004764159942017814
2021-03-18,-0.014549672074971154,-0.009774313306233684,-0.014760539319459198,-0.009118025591518118
2021-03-19,-0.001850252225839455,-0.0018468066416226225,-0.0006027039747036333,-0.0012136206222138216
2021-03-22,0.007985156413618633,0.0013299596804341451,0.007025118077311765,0.0008921557940572366
2021-03-23,-0.007870998664246565,-0.014418594657835682,-0.007630854183940605,-0.014221615020186897
2021-03-24,-0.00508346565830553,-0.0013033014742506177,-0.00546733601831495,-0.00043981868009161244
2021-03-25,0.005625607486653195,0.01203741295989924,0.005240265846959469,0.012424328454627098
2021-03-26,0.01611504547821263,0.01870205188355767,0.016631202604519668,0.01937415684112379
2021-03-29,-0.0005049748377093932,-0.005205355296293179,-0.0008680126852336212,-0.0048482662060741555
2021-03-30,-0.00265320225496124,0.0019091749638442401,-0.0031578329337678124,0.0010880168502979933
2021-03-31,0.0040534219804653215,-0.0002823800151940947,0.0036224990395776757,-0.0006870277359971563
2021-04-01,0.010799101435940317,0.010024034908553414,0.011825201774944727,0.010581748801317547
2021-04-05,0.014353017638468968,0.009085813860826297,0.014438226417743616,0.010407905479034906
2021-04-06,-0.0005905072235358189,0.00131588935241167,-0.0009735307519511682,0.0009471876529698651
2021-04-07,0.001157029393176634,-0.003735072049308563,0.001475232784985625,-0.0036516244855185798
2021-04-08,0.004746846279156891,0.0018744798243435223,0.0042206328286402695,0.0014721815549442077
2021-04-09,0.007270263280816147,0.005752255735717249,0.007719934348738189,0.006172168896147349
2021-04-12,0.0003647743856094454,0.0017225334580237561,-0.00019607884876882142,0.001670552287792878
2021-04-13,0.0029636064512077454,-0.001719571438687173,0.0032944868090414303,-0.0015358366953385411
2021-04-14,-0.0034152156179185766,0.0015843365879879556,-0.004087726727828533,0.0018957706822436398
2021-04-15,0.01074262205583465,0.00784290888388961,0.01109419052516647,0.007770948920593703
2021-04-16,0.003342209341455016,0.004436683241272776,0.0036088195555097347,0.004715711348085788
2021-04-19,-0.0049130410035074235,-0.00468889453728194,-0.005306560094486046,-0.0048322448009512605
2021-04-20,-0.007321566838499161,-0.007442327976360574,-0.006802319771775922,-0.00778149759069169
2021-04-21,0.009461890119232041,0.013207474427449739,0.009306055472153574,0.013054471117860959
2021-04-22,-0.009132905797309077,-0.006313851688900862,-0.009210657476561801,-0.006377419972825197
2021-04-23,0.010842352867886706,0.01079512399098248,0.010928696540176919,0.010730964377318492
2021-04-26,0.002087812316992066,0.0016900406536053403,0.001782270924804541,0.0016076439803087007
2021-04-27,-0.00021548461289255805,0.0010794913697924624,-0.00021489588801437698,0.0014224831814807586
2021-04-28,-0.0002875578165786319,0.00026994616883269096,-0.0008455399168898481,-0.0002706105662889406
2021-04-29,0.006373062468302715,0.006536806943634232,0.006762806734045723,0.007415979636647038
2021-04-30,-0.006570717271522808,-0.007231241045710712,-0.007194706699326425,-0.0074934810612927285
2021-05-03,0.0021567610620552014,0.005935002653069565,0.002748090747253684,0.00639819006638658
2021-05-04,-0.006169268103919601,-0.0011398144097160001,-0.006678337608227225,-0.002101810675795208
2021-05-05,0.00031267579146110336,0.0020807518344292397,0.0007034637617677753,0.0026802874467916913
2021-05-06,0.007985671995543342,0.005090436875976101,0.008165456466051824,0.005183249743310692
2021-05-07,0.007277891915140167,0.01052906195095904,0.007373341616968343,0.010494106781879722
2021-05-10,-0.009902076576317587,-0.0033631910767629725,-0.010435647322188157,-0.003958673464192583
2021-05-11,-0.008924928080904948,-0.012042749018977839,-0.00867391280271812,-0.011439108938838618
2021-05-12,-0.021245199684504112,-0.022168468733981705,-0.021449400664502738,-0.022919850030654366
2021-05-13,0.01201235464129713,0.013492891496780901,0.012173141406923493,0.014720964516621624
2021-05-14,0.01535524836133928,0.01567899196252598,0.014917956876899785,0.015609535858968062
2021-05-17,-0.0025443191616604244,-0.0010645184492555915,-0.0025300521932207776,-0.0008384962717116999
2021-05-18,-0.008615672556666953,-0.008859097872792931,-0.008517292959364653,-0.00861006599578063
2021-05-19,-0.0026219635310805733,-0.005174489536350135,-0.002943411456817757,-0.00549399608065807
2021-05-20,0.010758050817591736,0.007565617480528752,0.010554741756143349,0.0075479693127579305
2021-05-21,-0.0008184977332361676,0.0013411533829892353,-0.0007838806801412357,0.0014128150938266001
2021-05-24,0.01019404955130887,0.005758188807927667,0.009911292190138532,0.006323631231031545
2021-05-25,-0.0022187262370043648,-0.004194244574845407,-0.0021252837802967495,-0.004417960181138393
2021-05-26,0.0019846106127872076,0.003409398175902467,0.0018768165702687245,0.004228965564587198
2021-05-27,0.0005249137429530482,0.0049309018882270905,0.0011653145418315525,0.005044669046981781
2021-05-28,0.0017890050645765765,0.001922503991985458,0.0007688818911402162,0.0010768415707128748
2021-06-01,-0.0008812066518116835,0.0033087344382403128,-0.0004923335226864056,0.0035391903730492666
2021-06-02,0.0015728022685694842,0.0007254639832470211,0.0014469348384307246,0.0010872058197402648
2021-06-03,-0.0037114681497782964,-0.00144998574018107,-0.0036287033416374515,-0.0017233947755623672
2021-06-04,0.009145988252438508,0.00494988699066079,0.008834095710505974,0.0049714550724981
2021-06-07,-0.0009702848049849555,-0.0017729419695733384,-0.0007967387044511831,-0.0018064152675162253
2021-06-08,0.0002130694107358444,0.0012498944105658882,0.00017502486450582388,0.0020310217035001453
2021-06-09,-0.001491943914017746,-0.00453380353955124,-0.0018238673194856947,-0.0046640815535771065
2021-06-10,0.0046484695874156046,0.001914237925382034,0.004652243012262192,0.0010495058151202652
2021-06-11,0.0016525966531244496,0.002635170264322362,0.0019484346695590737,0.0034142245437403106
2021-06-14,0.002239021164582855,-0.0030883237647387762,0.0018152018730952513,-0.0038636019375487313
2021-06-15,-0.0018342205421607582,0.00013187413091064748,-0.0020116937805257917,0.0007230124624987065
2021-06-16,-0.005583464689982276,-0.006788484905746017,-0.005390124612855707,-0.006771932418810826
2021-06-17,-0.00033161624464816963,-0.00982077895047928,-0.00043571559205179966,-0.009843203869572747
2021-06-18,-0.013490459629117213,-0.017222968877175227,-0.013124468779900589,-0.016621350408643144
2021-06-21,0.014316066843619746,0.019284932450117198,0.014002289962720793,0.0194102458323126
2021-06-22,0.005346238144189996,0.002079853744916038,0.005124491902218642,0.0013201977038827166
2021-06-23,-0.0012052638032917784,-0.0016740636490590877,-0.0010832833431588806,-0.0017115112219238137
2021-06-24,0.00591576260024973,0.006572025817449534,0.005811249724885448,0.006395568709079619
2021-06-25,0.0035518567864798456,0.006996365642003344,0.0033305973193167304,0.0071774682662391325
2021-06-28,0.0020159432416189116,-0.004168456463098935,0.0023149642620619026,-0.0043371601590613375
2021-06-29,0.0005382041290782347,-0.0007309248071847296,0.00027733619326086867,-0.0011035365803916707
2021-06-30,0.000841455429315241,0.0021940475695623185,0.0013281596467464851,0.0023476746186124396
2021-07-01,0.005536640463532638,0.006966437308885354,0.0052216268542757405,0.00722764713320419
2021-07-02,0.007643635928343162,0.002964570573747327,0.007500081663913916,0.0026196225788179474
2021-07-06,-0.0018214121703518105,-0.008736812073953382,-0.0020218560598241897,-0.008413333926489758
2021-07-07,0.00353377571271718,0.002385465878507853,0.003358975310182588,0.002560640537344856
2021-07-08,-0.008147975012325448,-0.00918927221345589,-0.008561024934316985,-0.010245110901089623
2021-07-09,0.010675025923774895,0.014212436119500182,0.011277947808795874,0.016152317660339092
2021-07-12,0.0035818853585263266,0.0032236441885815648,0.0034511743312370946,0.0025803148867668798
2021-07-13,-0.0034089339439113964,-0.009443023229006253,-0.0035168126585656267,-0.009370801566982962
2021-07-14,0.001492162399381547,-0.0014565135148250086,0.0011649345752446916,-0.0011255626474230972
2021-07-15,-0.0034154980469341956,-0.0026523090447981845,-0.0032622408541723713,-0.0022791724092978407
2021-07-16,-0.00784376902275652,-0.007445311043663083,-0.007538854211077806,-0.008301661848580786
2021-07-19,-0.014767897674283437,-0.01808312660598721,-0.015869512427409305,-0.018769878067076855
2021-07-20,0.014330485287074923,0.01896190144294918,0.015162609437855634,0.019965195807598972
2021-07-21,0.00809634625531963,0.010040924078048352,0.008241819990835397,0.010394989698072917
2021-07-22,0.0020941473653079967,-0.0027834657715146705,0.0020166699583279435,-0.0032725893226024424
2021-07-23,0.010288092226464096,0.00830724988238063,0.010145452020822843,0.008012750814354916
2021-07-26,0.002454652971237481,0.002834146469957499,0.0023821998626283314,0.0037921115582469685
2021-07-27,-0.0045574526596788845,-0.0017747005499358925,-0.0047124448070912095,-0.0015148170108941956
2021-07-28,-0.00041011186816442,0.0005270349148893683,-0.0001862618826539153,-0.00013806459966717358
2021-07-29,0.004147371074640693,0.007501844523551959,0.004206152980007483,0.007664440922602523
2021-07-30,-0.004856195884548886,-0.0027431781504982933,-0.0054060480514769305,-0.0033136844979209635
2021-08-02,-0.0020982440469520247,-0.0015066746272495157,-0.001842805614891363,-0.0017755568624012639
2021-08-03,0.008135433158762417,0.008396460890103263,0.0082034265474622,0.007954646669127124
2021-08-04,-0.0049187862908149915,-0.009432546714260748,-0.004632387901412294,-0.009779364412766235
2021-08-05,0.006332770860045578,0.007552075563008076,0.006005446813494242,0.007533665205637763
2021-08-06,0.0016524835333715515,0.004106349845918622,0.001675266241764728,0.00485203652254454
2021-08-09,-0.000813551667725565,-0.0022716291027291557,-0.0009399082741974318,-0.0025741589325273175
2021-08-10,0.0012440304815162229,0.00468371138869883,0.0009926793341701323,0.004941581939982492
2021-08-11,0.002484674545694565,0.006410590257736937,0.0012757437876824707,0.007108278383519659
2021-08-12,0.00299708723205816,-0.0005146038446658396,0.004146380281677686,-0.00046608785241878113
2021-08-13,0.0018197716684285048,-0.0001286371349253912,0.001607306655808216,-0.0002614690664880783
2021-08-16,0.002354808472917025,0.0003220078943182436,0.002620850702215849,0.0004139909662826258
2021-08-17,-0.00655524010117392,-0.007530488579337136,-0.00706069881494753,-0.00843008214264734
2021-08-18,-0.010945086175162877,-0.010311558906517027,-0.010748470745585936,-0.010534542095175283
2021-08-19,0.0015482161834390329,-0.0022273638901696424,0.0012566922329095842,-0.0027764866300923406
2021-08-20,0.007957157604010057,0.007223673261268049,0.008141567655737925,0.007127566758909996
2021-08-23,0.008796660915838528,0.007498184327445312,0.00852379036424833,0.007586373181172634
2021-08-24,0.0015874107464728393,0.0040769535308431415,0.0014957363013194946,0.005136512506770456
2021-08-25,0.002098250944894353,0.005285285041346732,0.002220118224179668,0.0056688523378856815
2021-08-26,-0.005903198713383628,-0.006860296052544124,-0.005824918819612557,-0.007242715969804246
2021-08-27,0.008941000867042526,0.010716632153579209,0.008807632480425154,0.010881647656086358
2021-08-30,0.004397597333826164,-0.0014690174900889863,0.004306570844779589,-0.0020091951512642846
2021-08-31,-0.0014815897313412707,-0.00019189287095178198,-0.0013491160395050494,0.0002009978263404058
2021-09-01,0.0005314738065123059,0.00019192970089321193,0.0003116886257619189,-0.0002936739190760324
2021-09-02,0.0030765743973795168,0.006780426927162964,0.002842638410522902,0.006519896095024383
2021-09-03,-0.00024266199633582453,-0.0032403141694995474,-0.0003350311257153127,-0.003778983414286134
2021-09-07,-0.0035755930014513826,-0.008350262851044565,-0.003395574405981705,-0.008791493968981889
2021-09-08,-0.0012181763806282664,-0.0006427677172845536,-0.001318566739775151,-0.0005087138402948636
2021-09-09,-0.004280439886507614,-0.0028302103138307944,-0.004605608657393345,-0.0026553293406308817
2021-09-10,-0.007884541387042532,-0.00657938860430507,-0.007722578759925436,-0.007074078271340353
2021-09-13,0.002559515497504661,0.002792112870659391,0.0022764876184568905,0.004265636461472697
2021-09-14,-0.0053968164836726285,-0.007122821752394981,-0.00574663850657553,-0.007839158470142634
2021-09-15,0.008352850885898322,0.008869528974641883,0.008473996979569742,0.008756531659703437
2021-09-16,-0.0015852134231358894,-0.0018746163778955438,-0.0015511404489350067,-0.0020944879558305713
2021-09-17,-0.009741058447445994,-0.008872608645316249,-0.009110872450405094,-0.008209826096753869
2021-09-20,-0.016674412793105664,-0.015103040090638564,-0.01697731100841482,-0.01499926470877248
2021-09-21,-0.0009445475736352682,-0.0035957442969556386,-0.0008123585165593639,-0.0034195328770687495
2021-09-22,0.009754791171794563,0.011226749602199382,0.009519611195260236,0.011596794634028405
2021-09-23,0.012150063952986567,0.014670764930364122,0.012134715784494876,0.014048772601565793
2021-09-24,0.001647216454626843,0.0016935856171127472,0.001461009046688222,0.0012021503303995598
2021-09-27,-0.002860676281293828,0.0033162348868469582,-0.0027763826213396126,0.0023954844767566435
2021-09-28,-0.020152184049124,-0.01497025960249554,-0.020364110556098214,-0.014737061072825325
2021-09-29,0.0016832195765565938,0.002171312478225662,0.0015691842194003325,0.0018436915306738705
2021-09-30,-0.012222204491835975,-0.01647750198492759,-0.011909714125195148,-0.016038283778988884
2021-10-01,0.01188424065638527,0.013482890557399818,0.01149147763018199,0.012427392612822679
2021-10-04,-0.012896247408394457,-0.006322428625665566,-0.012985898136748442,-0.0068310483600892685
2021-10-05,0.01040496672026503,0.00715801544966177,0.010524514660609219,0.007686329609738731
2021-10-06,0.004156056334429392,0.0013818507296767812,0.004102792854185466,0.0013434280853046523
2021-10-07,0.008645696408027925,0.00847771313042256,0.008298280656405366,0.008446080434363169
2021-10-08,-0.001823789711852375,-0.002346392979318268,-0.0019137230947889883,-0.0028538395292398645
2021-10-11,-0.007239580665838075,-0.005486678293302072,-0.006865763848056816,-0.005525585840497488
2021-10-12,-0.0024616901943759206,0.0002628254934218255,-0.0024167805585421087,0.0007648798734553152
2021-10-13,0.003597801356959307,0.0016418480087467824,0.00302251448379387,0.0017511568475745893
2021-10-14,0.01682052139659862,0.01717442906785771,0.01706310194558336,0.017388267020925198
2021-10-15,0.007615951616618988,0.003415478305387909,0.007460210377712606,0.0038742113542158656
2021-10-18,0.0029603720108848375,0.00038531576579248217,0.00337476955709759,0.00032938568587487384
2021-10-19,0.00771483229239367,0.005842641897997769,0.007393339551406308,0.005675916595780794
2021-10-20,0.003927772665007767,0.007659338863021503,0.0036640298040166996,0.007376378158024867
2021-10-21,0.002608366340793644,0.0012034817767070383,0.002995871849622578,0.0017781185136650037
2021-10-22,-0.0010361546206755223,0.0028470849053487957,-0.0010725536274130976,0.002885100624928326
2021-10-25,0.005362705599831763,0.0022711182307375566,0.004748196569493546,0.0020955816115298003
2021-10-26,0.0009000195908051012,-0.0019512651711335316,0.0018197952535197182,-0.0017550294441347428
2021-10-27,-0.004430307776616349,-0.0133074031489272,-0.005051568068462853,-0.012590493582543463
2021-10-28,0.009648886006526913,0.010162920816113141,0.009829281576461124,0.010577017603141508
2021-10-29,0.0020291209715579406,-0.0017715511365109515,0.001949334719149265,-0.0015646283349614756
2021-11-01,0.0017202644358200736,0.00798680871070001,0.0018000771431341267,0.007638974647997509
2021-11-02,0.004043068807093819,0.002767035958064046,0.0036803630854131963,0.003633201175936284
2021-11-03,0.0061052214574977,0.005894824054148096,0.006461279195357994,0.0061611782487112484
2021-11-04,0.004712671524035317,-0.0020572935444328477,0.004181942361150437,-0.0015422997493497635
2021-11-05,0.0034696166133940665,0.007621650367343857,0.003732799652949259,0.008131950674026946
2021-11-08,0.0008536201259838894,0.0014878455394238266,0.0008877879113036169,0.0011132903671230336
2021-11-09,-0.003305442670285208,-0.00012366654426165802,-0.003498775895770745,-0.00019842380808215385
2021-11-10,-0.008044734800774389,-0.006377543060768542,-0.008225823395229703,-0.005931080499798237
2021-11-11,0.00032356788740717235,0.002430313176302379,0.0005509400447352153,0.0017952486017921477
2021-11-12,0.00754667987001123,0.004848636731751066,0.007222656026415475,0.0047397026764924655
2021-11-15,0.00034242455671651406,0.001732192793354237,-1.0739820344718431e-05,0.001682822555987691
2021-11-16,0.003957841605981338,0.0012969746441509056,0.003865229864862485,0.0015372691018908319
2021-11-17,-0.00242935960882229,-0.005304278079825253,-0.002601625374463401,-0.005045412505027036
2021-11-18,0.003396746309716203,-0.0036582745962850938,0.0033847802152713324,-0.00351587932924042
2021-11-19,-0.0017884522428996963,-0.006471988442694143,-0.001398665559303236,-0.005603580435171107
2021-11-22,-0.002815172695184942,0.0015661566920468495,-0.0031971365563219223,0.0017212496040236863
2021-11-23,0.0013261481455957291,0.004127349229770871,0.001657132912945114,0.003506358149905155
2021-11-24,0.0026697085990436964,0.0004981691434999824,0.0022938506357221833,0.0005183062561106808
2021-11-26,-0.02230308160114325,-0.026020877098139272,-0.022724822637582465,-0.02527057549801448
2021-11-29,0.012266762278658305,0.008372724970584278,0.013200199537034996,0.008213590164812544
2021-11-30,-0.019457675962690768,-0.026494223363689562,-0.01896131033450521,-0.025396503302318966
2021-12-01,-0.011107426901725392,-0.012435807940779697,-0.011815187417889228,-0.012952107183949136
2021-12-02,0.015316442124543528,0.024195935202274255,0.01419443613158311,0.024523611054421038
2021-12-03,-0.008701433310358775,-0.005471451062983856,-0.008448563730297565,-0.004539642264727542
2021-12-06,0.011843296196037079,0.014821809649746998,0.011730872577451423,0.014921540106312496
2021-12-07,0.020684869728496258,0.01690178663354347,0.020707080374404274,0.016593972517263834
2021-12-08,0.0026480664194192816,0.002571452524555262,0.0030852853123166657,0.0032117072185110923
2021-12-09,-0.00675154922735155,-0.0071314480486196485,-0.007181080169894716,-0.007213417249410367
2021-12-10,0.00941340573330196,0.0064896390331534715,0.009549073338481762,0.006107830711116898
2021-12-13,-0.008858291398915585,-0.007261927960780956,-0.009136167611567658,-0.007280490715636347
2021-12-14,-0.006880181308023481,-0.005990676146112595,-0.0074706775774360246,-0.005752626916844109
2021-12-15,0.015625110852070856,0.010911767415763052,0.016348464630746795,0.011324052000867094
2021-12-16,-0.008818391675246784,-0.0017571942625072001,-0.008743415379980468,-0.001546988297884474
2021-12-17,-0.010642961091477221,-0.013264633616223653,-0.010287680637092622,-0.009481898557760448
2021-12-20,-0.01063360474694175,-0.010261796660758105,-0.01138805785140995,-0.013722628915569596
2021-12-21,0.01775910649290502,0.020271070110379208,0.017777934551572505,0.019991432447049564
2021-12-22,0.009998821888114184,0.007023906446599115,0.010180197220578835,0.007324405709958293
2021-12-23,0.006222054120449183,0.00678599559491011,0.006223699921661829,0.006715711468432581
2021-12-27,0.014152120564397741,0.012794189605873862,0.01383893524747526,0.012495422672889672
2021-12-28,-0.0008171310463721548,0.0015403785678549387,-0.0010101548486260992,0.0015903905933811093
2021-12-29,0.0012792056845485344,0.002953468752093791,0.0014018951394270118,0.00304054818275899
2021-12-30,-0.0027646297481497273,-0.001595130863796257,-0.0029897555945093135,-0.0017127312048484593
2021-12-31,-0.002520131146540483,0.0,-0.0026261799136575448,0.0008560858002137071
2022-01-03,0.005790022715129961,0.0008601331571562731,0.006374052530970564,0.0003379295458003818
2022-01-04,-0.0003349226714268738,0.008042418480459501,-0.000629621957060511,0.008148403590415531
2022-01-05,-0.01920205598539515,-0.01540818305566416,-0.019392757790687165,-0.01623857689734499
2022-01-06,-0.0009397475762253915,0.0022268083595600174,-0.0009637690162076495,0.002384462436085237
2022-01-07,-0.003953272425287202,-0.0016045754956787173,-0.004050216740091761,-0.003234506972084256
2022-01-10,-0.0012443543215774344,-0.005007119201639099,-0.0014410312534549607,-0.00478214151134133
2022-01-11,0.009108300273754866,0.009443142222462786,0.009159984668711818,0.008894536106195923
2022-01-12,0.0027034489463109157,0.0008001165649478281,0.002817754443029452,0.0009022142659709467
2022-01-13,-0.01377854483241392,-0.004612062729402511,-0.0142436152864307,-0.005316321805244914
2022-01-14,0.0004090094632835939,-0.0017301323340541686,0.0008199802697488323,-0.002309163078197666
2022-01-18,-0.017709611038042583,-0.015905182100075854,-0.018387945694007368,-0.016968878097091307
2022-01-19,-0.010383660057393107,-0.010376834484236985,-0.009689541868338813,-0.010233353884979417
2022-01-20,-0.011068055907754282,-0.01270978691701663,-0.01103737849414832,-0.0124453182003754
2022-01-21,-0.01963059665409539,-0.014611131394775878,-0.018914821867908604,-0.014097951912616861
2022-01-24,0.004246725518179506,0.007511767201292541,0.002771738943381896,0.007390341081448598
2022-01-25,-0.01220898237120227,-0.00946566154206363,-0.012171906253646725,-0.010807452926611215
2022-01-26,-0.0025087351476361652,-0.008050649930010478,-0.0014966358477518371,-0.006521951070473449
2022-01-27,-0.004938037293699349,-0.00560883559833758,-0.00538408875771057,-0.007004044402143515
2022-01-28,0.024835501365184198,0.01712016375571146,0.024347646888076113,0.01703712441822608
2022-01-31,0.018011011124141607,0.01539668312824527,0.018885951732779516,0.01760822813623635
2022-02-01,0.006756878529593058,0.007774313823787349,0.00686300355780145,0.0075340218372657195
2022-02-02,0.009714027647385715,0.0065030695080479095,0.00942251544733641,0.007120735494156326
2022-02-03,-0.023505018888335227,-0.012668726951459597,-0.024391082077444004,-0.014461962670562519
2022-02-04,0.00470239265000405,-0.000898310301470362,0.0051569298644233985,-0.0015686190910152533
2022-02-07,-0.003209333646370882,0.0006423631516290218,-0.0037017126347429485,0.0012714208462926671
2022-02-08,0.008227883854726725,0.009176555390615793,0.008401207191663262,0.009657532215080727
2022-02-09,0.014636061296953384,0.016914835073024603,0.014517207887505545,0.017599676806430896
2022-02-10,-0.017965689106528848,-0.01575812819031197,-0.01811572566845976,-0.016700186499743953
2022-02-11,-0.019718626046219545,-0.013214514938511335,-0.01896945434456343,-0.014556008290256531
2022-02-14,-0.0032692259120744582,-0.007983590505990179,-0.0038405967262932217,-0.00791621937051752
2022-02-15,0.016126765880494442,0.01525173200679264,0.01576672117072042,0.016112169170783484
2022-02-16,0.0011206781476922334,0.003324034840333834,0.0008812077558950637,0.0031791331039606836
2022-02-17,-0.021361281305044333,-0.017967178175662846,-0.021173138152195015,-0.018224026034502676
2022-02-18,-0.006475034228912602,-0.0037631412256471375,-0.0071661613961429005,-0.0043582828094793115
2022-02-22,-0.010731617613007782,-0.009964404487592393,-0.010142945264832837,-0.0097878609305013
2022-02-23,-0.01773865853490031,-0.015458192200298981,-0.018412122845487655,-0.016754723449073163
2022-02-24,0.015049218733365732,0.009554126105174365,0.014956856067329216,0.01171757886512091
2022-02-25,0.022063838760055354,0.026869902109378785,0.022372677655603468,0.027126935789665286
2022-02-28,-0.0025585467999493794,-0.0058650444117552825,-0.002442603440647617,-0.006294478141464392
2022-03-01,-0.01523035773074699,-0.017180074475862672,-0.015473503680411893,-0.018634430203897805
2022-03-02,0.01839625053876559,0.021306332857780053,0.018642691757321028,0.02254438342940667
2022-03-03,-0.004978357222851004,-0.002066935511931267,-0.005254666430088317,-0.00300622176917789
2022-03-04,-0.008124564950851343,-0.006018950058996331,-0.007934042550334475,-0.007896027589345324
2022-03-07,-0.029479350465598353,-0.027672958133776127,-0.029518158313449172,-0.03116486823235608
2022-03-08,-0.007581573599507618,-0.007165279127267277,-0.00723375351819977,-0.005010074125495391
2022-03-09,0.026810690116345626,0.02117859627210472,0.02569824789143582,0.02377717119152016
2022-03-10,-0.004515583642942134,-0.0019149554341403308,-0.004291813651667864,-0.0031008839150155386
2022-03-11,-0.012714875441497742,-0.01052237136416545,-0.012961545123475138,-0.010615283436848774
2022-03-14,-0.007308509402109364,-0.0036783003856799557,-0.007421002465963666,-0.004425341991891537
2022-03-15,0.02199058284237987,0.016110545619266725,0.021408574170870942,0.01758746897680143
2022-03-16,0.02217419132414844,0.018893982032122114,0.02238376135718223,0.022223540346337056
2022-03-17,0.012510859164271082,0.01257868756548719,0.01234781757145198,0.01217651325319164
2022-03-18,0.01095286845012966,0.006403212049828522,0.011662294827948783,0.008395701739803394
2022-03-21,-0.00029233268608930274,-0.002785428893470998,-0.00043466036210393355,-0.0023885883547936277
2022-03-22,0.011701237833250389,0.008392871971518057,0.0113041136006502,0.007527966198837402
2022-03-23,-0.012878323357668697,-0.01429563939322076,-0.012272698789159042,-0.013894918805735353
2022-03-24,0.01507420313924901,0.011666819830051134,0.01434391292056647,0.012121882272677149
2022-03-25,0.0048837724737940125,0.0068176762638119115,0.005066170567449069,0.006609402055740336
2022-03-28,0.007112921939135042,0.0029741445856210635,0.007144955276586762,0.0028076587880172484
2022-03-29,0.01237086978704438,0.016594165640217096,0.012256547427530462,0.01614705640229732
2022-03-30,-0.006174895716102635,-0.0076340331799554795,-0.0062937001746978805,-0.0073889093659643525
2022-03-31,-0.015391225093556615,-0.013634175715398156,-0.015652540713177343,-0.01407398384595287
2022-04-01,0.0028340719493600286,0.0032337149397838605,0.0034102225843584133,0.003568302754820623
2022-04-04,0.008566638596647635,0.0021489302839898805,0.008090938687879357,0.0018064823125700463
2022-04-05,-0.01263131176285559,-0.010658494429977017,-0.012551720801807331,-0.010653199448104589
2022-04-06,-0.009999444419552805,-0.005035986722699226,-0.009716916613271898,-0.0049870559727857745
2022-04-07,0.005039215014689846,0.0030752315410951248,0.004253385628492534,0.0032933767825950467
2022-04-08,-0.0026742356341880047,0.0021076875001440065,-0.002651026482054286,0.0014730711364563944
2022-04-11,-0.017092096197737328,-0.009688167658862268,-0.01687729010355421,-0.009340870942795315
2022-04-12,-0.0037052667662714756,-0.003347042017166957,-0.003417447717741773,-0.002735855164380035
2022-04-13,0.011453554702182345,0.011301530674084903,0.011174577597236057,0.011223697157064344
2022-04-14,-0.012451887632732972,-0.006832702557588277,-0.01214413784439794,-0.006994702016599025
2022-04-18,0.0004113032241253034,-0.0021218564825431496,-0.0002048682840329885,-0.00238745794727243
2022-04-19,0.016142606621348587,0.017719207538517523,0.016057604355527166,0.018567639951780148
2022-04-20,-0.0007414932610642078,0.006394554049889534,-0.0006184750715809706,0.00656575126701748
2022-04-21,-0.01495356484421051,-0.014469127484499356,-0.014752948498371943,-0.014473385833612278
2022-04-22,-0.027439133980566188,-0.0272567718839144,-0.027740054250753654,-0.02777086613459801
2022-04-25,0.005797599041747814,0.0030186744618136974,0.005697936985382235,0.003394382661933926
2022-04-26,-0.02896094818930317,-0.02394490752105416,-0.028146308431003852,-0.02420321443511931
2022-04-27,0.0028117815863080153,0.0018765115931005383,0.0020980468517017847,0.0021138825740957597
2022-04-28,0.02525964239359957,0.017394920802108915,0.02474690007293945,0.018273060061819165
2022-04-29,-0.036955742292176574,-0.030380914466593523,-0.036284507106413955,-0.030760495797389518
2022-05-02,0.006019339423408487,0.0027131290008055586,0.005675242812353654,0.0028956348318152155
2022-05-03,0.004584224526135605,0.00825152109019811,0.004837126381486367,0.0077942571686772325
2022-05-04,0.030452656746023488,0.02783939167220817,0.02986242108440229,0.02833612993370296
2022-05-05,-0.035542726509824374,-0.0300875661880734,-0.035649708609806985,-0.031231219751464662
2022-05-06,-0.005968945730037922,-0.009151461518046355,-0.0056742248424840325,-0.009774189149492228
2022-05-09,-0.03201712518495736,-0.029677263657351682,-0.03203710063235676,-0.029178275571799146
2022-05-10,0.002310441217777681,-0.002589776091270757,0.0024578974498534745,-0.0025760085667979704
2022-05-11,-0.015886192178989456,-0.012911355769488653,-0.01646320750393837,-0.013429101429496893
2022-05-12,-0.001043723089841908,0.00426549321769909,-0.0012959645058717717,0.005239053058400963
2022-05-13,0.023907836860080467,0.022863804314803504,0.02386969542307149,0.024387489384355924
2022-05-16,-0.004057685226360408,-0.003529110420747883,-0.003946400929555671,-0.004417273528573556
2022-05-17,0.0205703758496405,0.0211817464304469,0.020169632234863677,0.021596322893393676
2022-05-18,-0.040311370036236416,-0.03760892285689321,-0.04039526078745259,-0.038792506740014304
2022-05-19,-0.006124572244926463,-0.0022611245868865426,-0.005833781800992588,-0.0018218108495596105
2022-05-20,0.00043635816603715405,0.0,0.00014614176965843662,0.0002848312061732771
2022-05-23,0.018709990459243375,0.014094713003978354,0.018555039930923556,0.01340467434125078
2022-05-24,-0.007633756304033845,-0.006216463843629061,-0.008120797617175213,-0.0072569767836944184
2022-05-25,0.008834969236569679,0.011525792538040314,0.009450764734207695,0.012325472310980265
2022-05-26,0.01998146754036756,0.021121509090880064,0.019883256167224195,0.022583394320829127
2022-05-27,0.024549043521380653,0.02292983576750296,0.02474226295510973,0.02350806675091448
2022-05-31,-0.005610878443788492,-0.0093784480992819,-0.006274368617659065,-0.009025830177393859
2022-06-01,-0.00808862185387449,-0.010609054815341024,-0.007482768681131846,-0.010656018832312814
2022-06-02,0.019043433683362032,0.01757704158788287,0.018431018038486124,0.01903507907462913
2022-06-03,-0.016411542894653852,-0.011804775109547583,-0.016347313992415624,-0.012332313189296671
2022-06-06,0.0030448668346261254,0.0036444377811957196,0.003137400778913113,0.0036949968663337364
2022-06-07,0.009592197345303477,0.009548762710841485,0.009523393173235029,0.009333057812299877
2022-06-08,-0.010872277128234908,-0.014121117550525586,-0.010793945785935621,-0.0143958311786292
2022-06-09,-0.0237830430667636,-0.02270110304843609,-0.02379869397635359,-0.02254285911572863
2022-06-10,-0.02899555649916663,-0.027238170095653214,-0.029110303335524668,-0.02753131604698604
2022-06-13,-0.0379680518581228,-0.040224713939439605,-0.038768430665237275,-0.04091002459055801
2022-06-14,-0.0030132958185994374,-0.005183073720036568,-0.0037736797459957394,-0.005421172253904364
2022-06-15,0.014256441070920722,0.00960173463295666,0.014592504858983224,0.011180816011625088
2022-06-16,-0.03309614539977601,-0.03538786813287831,-0.03251195148816344,-0.03631127079980253
2022-06-17,0.0021557036196331314,0.0022929799253128547,0.002200865698254617,0.003813720087875527
2022-06-21,0.02517377045141167,0.01727275911765891,0.024477242280086964,0.017927294511486967
2022-06-22,-0.0018130148405933744,-0.0005275879294768249,-0.0013015723144006452,-0.000714727911445875
2022-06-23,0.009802576057998058,0.008294393443333048,0.009532217409177868,0.00797674392598646
2022-06-24,0.03179395594733614,0.03253073873645196,0.03056329358583576,0.03301749119715554
2022-06-27,-0.0038200164404725845,-0.0005072664260893367,-0.0029730715337762392,-0.0007787416471210711
2022-06-28,-0.02043271192457763,-0.0152170841145145,-0.020143036075892073,-0.015065660683264228
2022-06-29,-0.0008143930631878682,-0.006107546321123092,-0.0007117454091590814,-0.006042623042463323
2022-06-30,-0.00812441276801057,-0.006219196988737963,-0.008759278267998716,-0.0064459967678835
2022-07-01,0.010576536670034997,0.012217780663848599,0.010553814029047315,0.01239718824665931
2022-07-05,0.0018887245189815882,-0.0023549711924978345,0.0015841285142366157,-0.0026931922897094336
2022-07-06,0.0033772974540255962,0.00022151037935635998,0.0035731642904301975,0.0002777783562795268
2022-07-07,0.014977122951232102,0.014530089462551299,0.014964587965241805,0.01507825213832301
2022-07-08,-0.0008224236195891743,-0.0037080752069212908,-0.000830271529819071,-0.003716446181103047
2022-07-11,-0.011423761025339596,-0.009194484583375795,-0.011527461422777274,-0.0092547788966516
2022-07-12,-0.008848797488405502,-0.0047867364051861205,-0.009243878717321574,-0.004449379807708632
2022-07-13,-0.005251700443338114,-0.0055504423658789825,-0.0044569025122100925,-0.0056495940123612145
2022-07-14,-0.0024286568247908757,-0.007887943874060999,-0.00299863390215227,-0.008050236361983616
2022-07-15,0.01910504139398661,0.018976915716462317,0.01920124935943668,0.019559469917488467
2022-07-18,-0.008256759792096835,-0.0043432468952225856,-0.008363571580831342,-0.004347285633286626
2022-07-19,0.02701916990267117,0.028685754470576752,0.02762829164595959,0.03030983022943987
2022-07-20,0.006373116320349981,0.0066836667856275955,0.005895806193263242,0.0060033140633137
2022-07-21,0.010183152728289402,0.0077820531161998385,0.00986137270919718,0.007235203252015145
2022-07-22,-0.009277965425479318,-0.00580921516407229,-0.00933246697634671,-0.005655291102237608
2022-07-25,0.0012147922715808335,0.00249391230981999,0.0013151670479691902,0.0033782620704765733
2022-07-26,-0.011830911864728177,-0.007818627422552016,-0.01154320266205866,-0.007881470577665568
2022-07-27,0.025966349242797504,0.019414249008759654,0.026156273782937722,0.020112036899706486
2022-07-28,0.012542474547382332,0.01581158071771771,0.012133338697180918,0.01572967762164857
2022-07-29,0.014578559200933094,0.008924226149183756,0.014207760082581844,0.009230657336385107
2022-08-01,-0.002961242535648778,-0.0019200672426346044,-0.0028230841271976725,-0.0019846258297159763
2022-08-02,-0.006597253191409025,-0.007075987550261953,-0.006662395550704803,-0.00653699151005075
2022-08-03,0.015659424518791987,0.010378451443951775,0.015638477163140152,0.009912053390562739
2022-08-04,-0.000675423479646553,-0.0021227355978379325,-0.0007773401640558397,-0.002433990616931624
2022-08-05,-0.0016902829523557372,0.001098116717511255,-0.0016257460597355333,0.0015384620714334622
2022-08-08,-0.0011609468685774837,0.0028104039983714024,-0.0012375507238541195,0.003141388416047577
2022-08-09,-0.003971139818156333,-0.005810526635168567,-0.004248692893594086,-0.006222471878720613
2022-08-10,0.021004275378952997,0.021383705945039688,0.021290637641290244,0.021864876714877517
2022-08-11,0.0,0.004443133558747148,-0.0007054739583503,0.004519400097652303
2022-08-12,0.01692891955662512,0.01615132680870013,0.017322368774566943,0.016389862395927865
2022-08-15,0.004120656401433553,0.0021766388021597916,0.0039695418998517695,0.0018529971651002563
2022-08-16,0.001958862094352032,0.0028955238050030196,0.0018756797165810912,0.0033770827909978037
2022-08-17,-0.007098099938316116,-0.009383764719588905,-0.007237794954094601,-0.009453913535872905
2022-08-18,0.002906351581009714,0.003179567060446198,0.002269561170191503,0.0036370611099800975
2022-08-19,-0.013437871260496892,-0.013206493412593168,-0.012900001139847905,-0.012965364771228794
2022-08-22,-0.020822559390750728,-0.020877944676220173,-0.0214000649197158,-0.0217304191238088
2022-08-23,-0.0024193024539306274,-0.0025971934518784767,-0.0022378626777133093,-0.0010117808059629074
2022-08-24,0.003201392610470144,0.005002396203465542,0.0029161604463010526,0.004752271373061669
2022-08-25,0.014117476757271596,0.015408678098435491,0.014091605518061545,0.015000121869834444
2022-08-26,-0.03384915082047779,-0.032230046284761005,-0.03368805871951874,-0.03264334939031178
2022-08-29,-0.006612174713157892,-0.005828089475597653,-0.006666355799502699,-0.00543806819753401
2022-08-30,-0.010977942246522931,-0.010538074536828201,-0.011028155571448206,-0.010500259418951058
2022-08-31,-0.007608800314529041,-0.007194315814891716,-0.007817025105971265,-0.007655156013272397
2022-09-01,0.0031376340606577013,0.0008526666264774274,0.0029962320243361873,0.0014543998479348314
2022-09-02,-0.01054439370284388,-0.007240159685216518,-0.010736500458081055,-0.00779685332229398
2022-09-06,-0.0037731261979798703,-0.0027886776025702886,-0.004095056983834944,-0.0030838805151552563
2022-09-07,0.017964729487250253,0.0219401864644988,0.018341016392734,0.022459965180237417
2022-09-08,0.006536464532019393,0.008629723550026114,0.006610721877456038,0.008598151441173913
2022-09-09,0.01553531974882394,0.013773192843088644,0.015271449816332883,0.01441169043806368
2022-09-12,0.010747630917717466,0.009331703067720909,0.0105842727693497,0.009113395883041968
2022-09-13,-0.04348260348043198,-0.039564798641107846,-0.0432366134006168,-0.039697873425795824
2022-09-14,0.003815894573105494,-7.091912690004865e-05,0.0033870120853238816,2.620606387394481e-05
2022-09-15,-0.011353256256345423,-0.007928258020696188,-0.011317739184353415,-0.007859830355484198
2022-09-16,-0.007628934942255028,-0.009989405599278744,-0.007182134089448455,-0.010063382919773047
2022-09-19,0.0077548581998723165,0.007457273891073424,0.006857100716286535,0.008242821902805609
2022-09-20,-0.011478327745453432,-0.016097734888360082,-0.011272103097361819,-0.016385078236694477
2022-09-21,-0.017443960001302217,-0.016579841264172446,-0.017116493600784488,-0.016447389706522427
2022-09-22,-0.008399953714488761,-0.01433465744044582,-0.00842758097968943,-0.01483929746456058
2022-09-23,-0.016754585573074188,-0.016803563328047888,-0.017232619015461026,-0.01679423773244055
2022-09-26,-0.009892646383116599,-0.014484985253137461,-0.010340526208282075,-0.014807125107767658
2022-09-27,-0.002552789793698884,-0.0031885902511199493,-0.0021203598092424114,-0.002855049860827892
2022-09-28,0.019676065528062336,0.023248666975507426,0.019672139926234733,0.023689016571677005
2022-09-29,-0.02088883077806769,-0.018908202833031962,-0.021126437880238824,-0.019966039633111974
2022-09-30,-0.01546345923690029,-0.010879651180588756,-0.015066695771983274,-0.011808051694587238
2022-10-03,0.026401397762244594,0.02789132415621509,0.025883894952576147,0.029086718902087007
2022-10-04,0.03098649788188168,0.034471853689371335,0.030583700679551518,0.03413910707049356
2022-10-05,-0.0023281988430771117,-0.003915709973886017,-0.002017948757084831,-0.004462142364879433
2022-10-06,-0.010315816610501072,-0.011126778434313866,-0.010245080846639998,-0.011859917778242954
2022-10-07,-0.027894005545312406,-0.023704206460590682,-0.028003617786773516,-0.024350492163178875
2022-10-10,-0.007635309466267226,-0.006761422436132758,-0.00749246363390188,-0.0064145686070261965
2022-10-11,-0.006332986245563554,-0.004486674465626783,-0.006519175777754405,-0.004401471177777702
2022-10-12,-0.0032984819167851676,-0.005206322894894977,-0.0032907731480149582,-0.005383557423006788
2022-10-13,0.026391106214560534,0.024058842663418067,0.02596564246086497,0.023915599759175555
2022-10-14,-0.022788633464348007,-0.022120845468496242,-0.02366266361565439,-0.022392604742741577
2022-10-17,0.025696854115355272,0.02176303871216878,0.026480052302171098,0.023207858950207678
2022-10-18,0.011749575246526645,0.0148102962108847,0.011427569666488724,0.01457945744870775
2022-10-19,-0.007086370507650042,-0.011810708977370576,-0.0066720972934503076,-0.011767128715646407
2022-10-20,-0.008385515131097199,-0.011114553723372667,-0.007950909706564868,-0.010934636745424008
2022-10-21,0.024301609507811683,0.022863610540422963,0.02372481982226482,0.023623091970653595
2022-10-24,0.012236613882650849,0.011138925857942183,0.011881976654619875,0.010453273589840354
2022-10-25,0.015968321806735464,0.01920350638555135,0.016266654579669915,0.020357037345476593
2022-10-26,-0.007533938833882536,0.0019718961498080834,-0.007387716072364547,0.0013232008186481925
2022-10-27,-0.00533990128434092,0.0009474226599062163,-0.006082610618211248,0.00037618567485376403
2022-10-28,0.023790580584941434,0.02075307124115544,0.024626377895927698,0.021914638470852846
2022-10-31,-0.007223350902280101,-0.0044229564511221175,-0.00745440410765752,-0.004945947881010279
2022-11-01,-0.004375739072191909,0.002436286527129461,-0.004101230608784645,0.0017613491395495273
2022-11-02,-0.025096391168034193,-0.024374599772302052,-0.02500198485734284,-0.02452630121808999
2022-11-03,-0.010296682536446,-0.005055303483638696,-0.010585992315429671,-0.006019815017305077
2022-11-04,0.014393199392607858,0.015537709089984864,0.013618724670070526,0.0162566047886085
2022-11-07,0.00956552431008828,0.00797594190003248,0.009613981920559844,0.007754302026357844
2022-11-08,0.005395490245072132,0.005970789348985983,0.005597892802462701,0.00683359229550809
2022-11-09,-0.020602213911880773,-0.017949048566606174,-0.02077788695478977,-0.017516602010774797
2022-11-10,0.05495406275875747,0.05359345092082224,0.05543448436034493,0.05669340368041436
2022-11-11,0.009678642332070053,0.009606881297814729,0.009240746788147902,0.009924321013684989
2022-11-14,-0.008506706218896154,-0.010884573722742874,-0.008935777048800997,-0.011625741553571645
2022-11-15,0.008529055770629679,0.00941286779027628,0.008713116550319144,0.009625807697189454
2022-11-16,-0.007628910655508081,-0.01062774911508746,-0.008252046497990273,-0.010710893561961261
2022-11-17,-0.003059829191495278,-0.005821246497159982,-0.0030893228355314273,-0.005464566922749999
2022-11-18,0.0045405172237116265,0.007458581490352945,0.00475858190881473,0.007811057393204405
2022-11-21,-0.0036361543180880584,-0.00041506936704904795,-0.003883688698329779,-0.00021943658920172123
2022-11-22,0.013456952062477656,0.013289983881694889,0.013579987927526016,0.012965674930974802
2022-11-23,0.006301630645245915,0.004166975982962784,0.0059146891478476515,0.004591916250380786
2022-11-25,-0.0002237257135500048,0.0034011233718882483,-0.0002830441976333642,0.0025696505072115025
2022-11-28,-0.0159569343196575,-0.017830560120156713,-0.015444192913123267,-0.016865562017834054
2022-11-29,-0.0017174381397926375,0.0031754033897057887,-0.0015918653377758885,0.003134903832590295
2022-11-30,0.031500540771370655,0.02401438050575,0.030947872397389053,0.025289172109464665
2022-12-01,-0.0007360517833152613,0.001410919420411938,-0.0008676332180498347,0.0009571170323344001
2022-12-02,-0.0011535695686191172,-0.0006036409424210465,-0.001194660488065602,-0.00031046063034716664
2022-12-05,-0.01798926840353443,-0.01933668455706805,-0.017894212283564803,-0.019185542279216466
2022-12-06,-0.014415038396613067,-0.010954461860406717,-0.014399194981406072,-0.011236711136724776
2022-12-07,-0.0017010272433019002,-0.00166141928049246,-0.0018623708845491027,-0.0016372778214824746
2022-12-08,0.007833866350379415,0.0064484743795605315,0.00752178195750397,0.00670415677915373
2022-12-09,-0.007469939513686796,-0.007716097913093578,-0.007349578247904498,-0.007058254072437172
2022-12-12,0.014417067903949476,0.014719177563077723,0.014279296218109305,0.014394663192218458
2022-12-13,0.007569804908952982,0.006979187367928796,0.0072896644387934195,0.007184161661488505
2022-12-14,-0.006393531108242589,-0.005911370502839519,-0.006052724634100337,-0.00672055181474229
2022-12-15,-0.024461561074910265,-0.021941486999282223,-0.024921675023714007,-0.022501141633451
2022-12-16,-0.01180628062003053,-0.012090032752991586,-0.011137750774080746,-0.011402920701302817
2022-12-19,-0.008479516190922798,-0.008183022062098533,-0.009007516001852345,-0.009084122535922095
2022-12-20,0.0013682850144740577,0.0010025542946932031,0.0010373383615349674,0.0008035271625647595
2022-12-21,0.01495240191197511,0.01545417517255121,0.014867993802734736,0.015356787828082866
2022-12-22,-0.01426589611425011,-0.010850409631687707,-0.01445169956861636,-0.01096563744435551
2022-12-23,0.005752124478468623,0.006410627968664873,0.005868102525282026,0.006679219135946627
2022-12-27,-0.003943512550108719,0.0006370824098844707,-0.004049622110409712,3.571102063997852e-05
2022-12-28,-0.012427747551194912,-0.014358640816337753,-0.012020638322615351,-0.013381553379756404
2022-12-29,0.018000184890168747,0.01779699328251949,0.01746133164481911,0.017899302472035097
2022-12-30,-0.0026340033054681466,-0.004089566910609577,-0.0025407424823445934,-0.0042585630113512055
2023-01-03,-0.004209929123470957,-0.0009201600258387233,-0.004000548879248611,-0.0009298607142953487
2023-01-04,0.007720201791125092,0.015589490655568472,0.007538970575044379,0.015625387434895922
2023-01-05,-0.011413367149978204,-0.010396268491272842,-0.011645528874622113,-0.010281269141857839
2023-01-06,0.022932029615311933,0.023972210153527795,0.02284078102943865,0.024021707162917554
2023-01-09,-0.000566803677118255,0.0004131621036891353,-0.0007676325452631305,7.850279369635021e-05
2023-01-10,0.007012865890130948,0.007502659836551517,0.006978233159061986,0.007805853256926869
2023-01-11,0.012647754958123425,0.012159773302852006,0.012849424614881588,0.012244422259843448
2023-01-12,0.003640823803058746,0.003779665020021916,0.0034159058663651987,0.003698574273526148
2023-01-13,0.0038794324712942974,0.0023534635782611613,0.003996858363534361,0.002605761953592099
2023-01-17,-0.0018318270336247222,-0.0022138009254792923,-0.0020304911890052235,-0.002126770228389985
2023-01-18,-0.015788063618273007,-0.01539579315798123,-0.015562598500411085,-0.01562883046398666
2023-01-19,-0.007279890457202232,-0.0103109410418315,-0.007638350296294338,-0.01120486645531023
2023-01-20,0.018629117499697534,0.017386635830511254,0.018918401045981525,0.017582834260195142
2023-01-23,0.01199873748418323,0.012681364132551387,0.01188134498366522,0.012063990221868453
2023-01-24,-0.0010734797912947958,-0.0023439582082954713,-0.0007115031258156934,-0.0014797908327483667
2023-01-25,0.00037498524622070484,0.0022822477028754395,-0.0001817250594663422,0.001759992329246325
2023-01-26,0.010990155982264493,0.008036580161411955,0.011007853469181317,0.00807003845893686
2023-01-27,0.0022978742396240204,0.0018602555562075018,0.002494840970949097,0.0013059648640921734
2023-01-30,-0.012546985405081146,-0.010610201937347186,-0.012968740984683369,-0.00989125894089734
2023-01-31,0.014703324630704007,0.016957108394856757,0.014642470285510134,0.01689554318532689
2023-02-01,0.010627731348313407,0.010215493494913241,0.010452303944590291,0.010783325516336584
2023-02-02,0.014557293447116315,0.010960556961111534,0.014699373244309921,0.01001606786858096
2023-02-03,-0.010629198988471367,-0.012261460477990926,-0.010354610691310495,-0.011424466292305929
2023-02-06,-0.006111372208094101,-0.007056049073353221,-0.006140463017754394,-0.007285449174232652
2023-02-07,0.013078532718526548,0.009343281446793972,0.01287251059802652,0.008945264959089797
2023-02-08,-0.010934649772500693,-0.009843370436858123,-0.011080724476164705,-0.009845194473020947
2023-02-09,-0.008669123729276085,-0.009151453298201995,-0.00882979617773516,-0.008909569451555537
2023-02-10,0.002333665567989973,0.003056586570518549,0.0021952617756952897,0.0035402861551165595
2023-02-13,0.011738855346036914,0.01119501514044785,0.011448609342766147,0.01095251850673275
2023-02-14,-0.0004602282540410174,-0.0018998999550645657,-0.0002804145319874607,-0.00203176421033653
2023-02-15,0.0032472903989835267,0.004725927928431073,0.002773175690496066,0.004849123711763107
2023-02-16,-0.013768571643778205,-0.011301431643606974,-0.013788741489130674,-0.011213762366624361
2023-02-17,-0.00249837285259924,-0.0021146069282104163,-0.002767405825327751,-0.0013534626804069983
2023-02-21,-0.020061101695672323,-0.02171714358553578,-0.020041234255327334,-0.021226990851709773
2023-02-22,-0.0013778373160314716,-0.001218564533388533,-0.0015735561458868341,-0.0014239062828157378
2023-02-23,0.005319388331204378,0.003727026881251261,0.005329429416074394,0.003346588741213278
2023-02-24,-0.010682455848828432,-0.00857396093927909,-0.010537551485558128,-0.008620385645337255
2023-02-27,0.0034058616506291717,0.0012257024268600425,0.0030730045671669703,0.0013421229350919907
2023-02-28,-0.003695943674132951,-0.0029243967840217877,-0.0030360018281855305,-0.002803469133456166
2023-03-01,-0.0038358653937848874,-0.001841909414826537,-0.004725264845680033,-0.002690815737751418
2023-03-02,0.007777193029124163,0.007858950386513186,0.0075821940867943916,0.008248110184564679
2023-03-03,0.016037754619682598,0.014035913703384306,0.0161477371607488,0.013304834993212505
2023-03-06,0.000692820495610702,-0.004814401339659491,0.0006871667698291617,-0.004328677974471861
2023-03-07,-0.01532871315113793,-0.016125965867124115,-0.015326919115337678,-0.016010215961330548
2023-03-08,0.0016320624706649411,0.002117269133808941,0.0014147940136839399,0.0022185507539091197
2023-03-09,-0.018449794804487274,-0.02208017114042682,-0.01845935787384867,-0.020157872983490848
2023-03-10,-0.014429451153161188,-0.021114704804384266,-0.01447813845705137,-0.019964342233377716
2023-03-13,-0.0014253078401110786,-0.01224478796085815,-0.001509761003189447,-0.008491047934496258
2023-03-14,0.01653021995928672,0.014054122877732445,0.016476655480623936,0.013057922550666774
2023-03-15,-0.006254308982939105,-0.014001573399114675,-0.00698088356543769,-0.01449636679924008
2023-03-16,0.01754503192338719,0.012037683487300388,0.017562006217166637,0.013187718451820265
2023-03-17,-0.011692601029843597,-0.016880127873925455,-0.011019457310067593,-0.016828620380034964
2023-03-20,0.009615442624891335,0.012967805052312764,0.008918403718310097,0.01310472183656297
2023-03-21,0.01313058409365242,0.013369788011725614,0.012982193897784988,0.013081421454564975
2023-03-22,-0.0170464250305844,-0.02248543829437999,-0.01646322377571363,-0.022007206737948558
2023-03-23,0.002703329257135456,-0.003337805778155789,0.0029845287333754023,-0.0033912151019358434
2023-03-24,0.006561991798420097,0.008518251529374465,0.005639807253104534,0.00789837271525716
2023-03-27,0.0018697595535650535,0.006641743617191942,0.0016469543057482383,0.006820478138792999
2023-03-28,-0.002244527970715726,0.0020080631904413337,-0.0015738434957162095,0.002110535070967397
2023-03-29,0.014534888860919803,0.015030004132502217,0.014237268879836451,0.015142181700873258
2023-03-30,0.005855257143481785,0.0049356268722835495,0.005715269388667954,0.0048512794301590915
2023-03-31,0.014094638003109061,0.014734723031029517,0.014436542471763847,0.01503968525740225
2023-04-03,0.00381040503153951,0.0008299964293569939,0.0036988464765423945,0.0006578178350882135
2023-04-04,-0.005547878000687345,-0.01001797964886586,-0.005796972083329965,-0.010451774371533714
2023-04-05,-0.0026185258937021505,-0.002093632568776038,-0.002492370531228194,-0.0025127324612925555
2023-04-06,0.0039010876804381756,0.0006993041630887209,0.0035791630944272956,0.000661836274663474
2023-04-10,0.001026203345219301,0.006080324631963174,0.0009963029974375814,0.006426338489385347
2023-04-11,0.0002688043507959037,0.006529300226379764,-4.1352477946232646e-05,0.006457244213601329
2023-04-12,-0.0040760678725907384,-0.004830937730926799,-0.004134884052006904,-0.005007817910014691
2023-04-13,0.013282698737322018,0.0076977903694737115,0.01326268999363811,0.00811868416268571
2023-04-14,-0.002442638181499146,-0.004541917776898496,-0.0020693734728036706,-0.004047705171693498
2023-04-17,0.0035880192870876293,0.00677491138398989,0.00330615690296554,0.007171366828873455
2023-04-18,0.0006524228938526999,6.841953310243731e-05,0.0008552202959737354,0.0006035205027842993
2023-04-19,-0.00016910178092655048,0.00027476465677689355,-8.42619976980652e-05,1.8974101804641887e-05
2023-04-20,-0.005457084259788525,-0.005491242265803442,-0.00595254815297297,-0.005395085616747492
2023-04-21,0.0007768805174901416,0.00027587258175398865,0.0009031888869577287,-0.0002011245412581472
2023-04-24,0.0010433156488014461,0.0018631536213147282,0.0008515791660903549,0.0019385770864549596
2023-04-25,-0.015873831663721027,-0.017012149619020978,-0.015810858882773227,-0.017126908169709777
2023-04-26,-0.004235687369034347,-0.010440155541016183,-0.003841187197329843,-0.01008686499793447
2023-04-27,0.019908152750601316,0.01642713280722763,0.01956614972249704,0.016645276109876782
2023-04-28,0.008535164941233742,0.011076368272593173,0.008253202753460531,0.011182532111236541
2023-05-01,-0.001009803425442768,-0.0008957839595780115,-0.0003861064902076494,-0.0005864211974793387
2023-05-02,-0.011239201551450528,-0.014964357415564677,-0.011586262936400304,-0.01462987710076675
2023-05-03,-0.006864054041337053,-0.005810927857496817,-0.006998305064656485,-0.006118738857876559
2023-05-04,-0.007083084202883949,-0.00950621004908847,-0.007218732334382416,-0.009108878917621566
2023-05-05,0.018512766212590792,0.01684914355279421,0.018474751389515376,0.01759527642265769
2023-05-08,0.00026660578397397217,-0.0018178849129056873,0.0004521286642489297,-0.001569197243047172
2023-05-09,-0.004385420612208701,-0.003712406905142185,-0.004579421277258522,-0.00403110781203238
2023-05-10,0.004672213859977736,-0.00014043988578760214,0.004483965263404999,-2.214680572965057e-06
2023-05-11,-0.0017437974012851631,-0.004992258309866826,-0.0016966239932159066,-0.005132538252205902
2023-05-12,-0.0013104219588023769,7.075279610035956e-05,-0.0015833068345566526,0.00045392044799327704
2023-05-15,0.0034501455398585623,0.005652884951580894,0.0029581644391338813,0.006137690972293119
2023-05-16,-0.006682877192258574,-0.014123180327123452,-0.006377683373153031,-0.014426967158993371
2023-05-17,0.012139172093784456,0.01268622034014788,0.011890829058788244,0.013770690278868592
2023-05-18,0.009633195523003346,0.008093729339437417,0.009445048649426635,0.0077323601339538235
2023-05-19,-0.0014550783797770972,-0.002652986987125794,-0.0014458676054706077,-0.0031232622691750324
2023-05-22,0.0004061107862933788,0.0015398238723629554,0.0001550346964389604,0.0023238789360387714
2023-05-23,-0.011222692886000751,-0.010693118807943658,-0.011222026747550129,-0.010762531842560924
2023-05-24,-0.0072449207352369704,-0.010879771435303498,-0.007318600335353365,-0.011398639247493892
2023-05-25,0.00865994623468791,-0.0006427924809260244,0.008757581265902425,-0.0003480059672610019
2023-05-26,0.012950739159889313,0.008361792118282807,0.01304908677799732,0.008279550183014696
2023-05-30,0.00038106363535606036,-0.0017715755899062602,1.660326849850513e-05,-0.002094448566162486
2023-05-31,-0.005545337698535047,-0.008733591015127495,-0.006108624209833935,-0.008983581984683598
2023-06-01,0.009500962628466558,0.0075210396793039536,0.009854453563032717,0.0078556224944858
2023-06-02,0.014461214117278187,0.021825473798479766,0.014534424705965554,0.022365508655177502
2023-06-05,-0.0019163581586615352,-0.0034087475470613304,-0.0020035816359177394,-0.0035479910114764967
2023-06-06,0.0021773875964317124,0.006771814463071957,0.0023538963079141606,0.00692911200848063
2023-06-07,-0.0034576509440906733,0.007350225345519101,-0.0038120096998572883,0.0081071435378008
2023-06-08,0.006048552856186884,0.00041297501683978943,0.0061886426142414575,0.0005610788404750124
2023-06-09,0.0017943356990339776,-0.0011698528413290887,0.001148059539441082,-0.0017125296444614163
2023-06-12,0.009071797596873266,0.006613273742382297,0.009321148810237156,0.006640709467985759
2023-06-13,0.00659288661308044,0.009649507213500774,0.006932489951473775,0.00990864725142333
2023-06-14,0.0011909349144894055,-0.001897621818984896,0.0008194255259321714,-0.002127636704268192
2023-06-15,0.012397651683216271,0.011545116380352605,0.01217813742034668,0.011815365420566224
2023-06-16,-0.003406181627724658,-0.0008056519047751065,-0.0036716195284263176,-0.0013142497523420376
2023-06-20,-0.005188148595161146,-0.00909676818566807,-0.0047351076976228645,-0.008849756525377062
2023-06-21,-0.005123836865845055,-0.001430284595417941,-0.005245281583003636,-0.0007508016579642977
2023-06-22,0.0036097827997971788,-0.0040915062442143935,0.003710798414438443,-0.0042019104832283095
2023-06-23,-0.007560070623939152,-0.008628538019423648,-0.007658808766684566,-0.008285210379078874
2023-06-26,-0.0040857417877877555,0.006078497364010227,-0.004486838293256468,0.005815672182930299
2023-06-27,0.010963235177506858,0.012221425651425921,0.011455854954693034,0.012493026991141142
2023-06-28,0.0005045283727307392,-0.0016960137968401456,-0.00035407668843834283,-0.001947454372929497
2023-06-29,0.003941423212513229,0.007813654473628251,0.004473544672805918,0.0077784718863163115
2023-06-30,0.011800623836813351,0.008831652400165035,0.012269004495714109,0.00943248838623012
2023-07-03,0.0011505137043690272,0.0024725499825148933,0.0011706778016009611,0.003068243722415586
2023-07-05,-0.001487096684625211,-0.0042664216419504575,-0.0019683184132291975,-0.00474893032724193
2023-07-06,-0.007830787228407465,-0.00816756562572829,-0.007922511336500904,-0.008490547395254977
2023-07-07,-0.00252473617508453,0.0024975255716175315,-0.0028651005386203243,0.002339783546063924
2023-07-10,0.0025311266019802936,0.00895513851576113,0.002405026057131332,0.00857962576125511
2023-07-11,0.0063685428910469355,0.011277892714130822,0.0067422110558885695,0.010655081477219355
2023-07-12,0.008045898506156446,0.0046190067691775916,0.007411233485312474,0.004813272717165551
2023-07-13,0.007936864171265157,0.004729681928206109,0.008470153458069118,0.005016009706833724
2023-07-14,-0.000622674790211053,-0.005884114504474236,-0.0010244071333035398,-0.0056335687053554705
2023-07-17,0.0034722158570845707,0.0019072451706485527,0.0038553825145495324,0.002065153499665543
2023-07-18,0.007430435704876004,0.00616983607874988,0.007117275205842377,0.005889868836898111
2023-07-19,0.0022237857265108296,0.004958047411772748,0.002357910335732072,0.005206884531393084
2023-07-20,-0.006634355475664044,-0.001038633352854701,-0.006756896218903741,-0.0007152685978720422
2023-07-21,0.0,0.0014295406035982339,0.0003240945218980773,0.0021266922621091026
2023-07-24,0.004467130718093015,0.0027902080534873974,0.004034153877153557,0.0022192890351736467
2023-07-25,0.0027302758354128542,0.000711867707932301,0.002814673351556163,0.0009908300710066078
2023-07-26,0.00015364149825569662,0.0022630078126417708,-0.00015543889679858758,0.0018823537623707436
2023-07-27,-0.006630048258550958,-0.008774120326036527,-0.006424666064487883,-0.008487009417898523
2023-07-28,0.00979033491976189,0.004946752517476671,0.009877842794752345,0.005268849326778427
2023-07-31,0.0019040724619334704,0.0031089404928028586,0.0014687129405193122,0.002783430533866052
2023-08-01,-0.002861648273700834,-0.00406810937328117,-0.002665087639215691,-0.003529218169506667
2023-08-02,-0.013910872349277015,-0.009529677701239914,-0.013839541336347905,-0.009488001967551207
2023-08-03,-0.0028658001450105886,-0.004974492338259973,-0.0025479738404268204,-0.005007937535888964
2023-08-04,-0.004522533623821157,-0.004473162972610134,-0.005300074155050516,-0.004850071029471018
2023-08-07,0.008728348127770458,0.008457961132033454,0.00902409277936278,0.008530035751402973
2023-08-08,-0.004348796595855742,-0.004979706898898262,-0.004218283044793103,-0.004835254620163856
2023-08-09,-0.006685030270156989,-0.0028974053799729615,-0.007038730380597102,-0.002538625197434821
2023-08-10,0.0003589467531521784,-0.0011888763847996975,0.00025071394456976925,-0.0013939022379499393
2023-08-11,-0.0005830880593681309,0.00019838191570809016,-0.0010696923700230787,0.00015201471841163296
2023-08-14,0.005519964789593379,-0.0001983425681294504,0.005750475751703066,0.00039256466488298545
2023-08-15,-0.011648901975693016,-0.01315795608977377,-0.011550909428841738,-0.013473251296503994
2023-08-16,-0.0073381579205229475,-0.007303015265704094,-0.007555395210577687,-0.00688069811985699
2023-08-17,-0.007619801078476263,-0.007694359712398291,-0.007712913029036983,-0.00765733354140583
2023-08-18,0.0004810831791799419,0.0017681149751129777,-0.00014870682600087726,0.00124500138875664
2023-08-21,0.0065064494816726715,-0.0002034983211388619,0.006879188518795987,0.00020308319435445338
2023-08-22,-0.002708558695063923,-0.003938983792467821,-0.002777466728829614,-0.0035344530928036583
2023-08-23,0.011137593558844028,0.00831802933952086,0.011044879965972587,0.008516992272206382
2023-08-24,-0.013858930050473894,-0.009601589886387485,-0.013457974663146133,-0.01002370609634488
2023-08-25,0.007049797683835735,0.005052343712128815,0.006717966037625089,0.005164612558815255
2023-08-28,0.006341303473518911,0.007472154571943612,0.006264619755036449,0.007191107830564075
2023-08-29,0.014454902487126553,0.011260024820792802,0.01450830719454621,0.01155946673178735
2023-08-30,0.004118587737470758,0.0031338806956004994,0.003833182103508026,0.0029083310951626374
2023-08-31,-0.0014633607753571365,-0.003522830860761106,-0.0015969365120942491,-0.0036115145221500733
2023-09-01,0.0018652397678571297,0.00413567096116485,0.0017991292600010311,0.0034722317996288116
2023-09-05,-0.004321914265616789,-0.01235569996132091,-0.004194177587506065,-0.012062245172947994
2023-09-06,-0.006722513446366651,-0.003430130125037012,-0.006971599351452862,-0.0034592483899910068
2023-09-07,-0.003070160493406471,-0.0039820240489892855,-0.0032112659361860363,-0.004343072703503641
2023-09-08,0.0015061261901749834,0.00047469679298939305,0.0014266227216406246,0.0003206421972897401
2023-09-11,0.006576575301879606,0.0016252089313979479,0.006723453106275201,0.0017951840392464492
2023-09-12,-0.005485570735918599,-0.001284770907628019,-0.005695885604828921,-0.001692790526105532
2023-09-13,0.0011659670580213,-0.0039945869288721125,0.0012416323054647016,-0.003689809046385106
2023-09-14,0.008622265091039027,0.011692230858560082,0.00842991886716793,0.011662687147168083
2023-09-15,-0.012048248701771014,-0.00839922300052831,-0.012159612938677844,-0.008308320002728858
2023-09-18,0.0005864319704740328,-0.002395312849730491,0.0007212876971294246,-0.0020429479142973885
2023-09-19,-0.0020737577536447116,-0.0016373959862733267,-0.002151010615372817,-0.0016704522250836128
2023-09-20,-0.009193263597168877,-0.004577965531356476,-0.0093947947580596,-0.004035591172583062
2023-09-21,-0.016528431397665355,-0.01661174585946923,-0.01640093410321941,-0.016954007945331896
2023-09-22,-0.00224842835750505,-0.003978833173392093,-0.002295598477193961,-0.004022171087468178
2023-09-25,0.004205135824640438,0.0025232801165258056,0.0040230650909416354,0.002334608365988143
2023-09-26,-0.014691178668998939,-0.014051162760603475,-0.014734533990868215,-0.014356870034119267
2023-09-27,0.0003990548389105619,0.0003542599790771206,0.00022931406074522265,0.0005191564605181798
2023-09-28,0.00579739716138028,0.006946171665550782,0.005893173970516585,0.007177966443975971
2023-09-29,-0.0024270169385127716,-0.002674586074359997,-0.002709582086142026,-0.002326376851133289
2023-10-02,-0.00039756131870138933,-0.011292646872492318,7.936755559079245e-05,-0.011078288757831923
2023-10-03,-0.013386243413602839,-0.011992104899534728,-0.013744071674259506,-0.012039218150597287
2023-10-04,0.007282137297563329,0.005707954322068831,0.008109754957160709,0.006546850620073267
2023-10-05,-0.00037693552975270883,-0.0028738340096037263,-0.001304030159777203,-0.0033125623799306054
2023-10-06,0.01187285277284822,0.008645545400466803,0.011814893014644445,0.008398963727889895
2023-10-09,0.006402271751564159,0.00714284818677724,0.00630385429964031,0.007192025841959235
2023-10-10,0.005204839419969964,0.0076594381728081196,0.005207990781392224,0.008009186159308724
2023-10-11,0.0040962567303299835,0.0021114616798176833,0.00429300817103373,0.002026509308866646
2023-10-12,-0.006096385366099577,-0.01250163918624625,-0.00624643434611849,-0.013571514999980583
2023-10-13,-0.004980947856252582,-0.0022047384226829836,-0.005018858888767519,-0.0020318893242375715
2023-10-16,0.0105213498338943,0.0124741444344445,0.01059436938392988,0.012798356368887761
2023-10-17,-4.582392392504797e-05,0.004928317727630471,-9.824505308242415e-05,0.005058677798180471
2023-10-18,-0.013325092853804454,-0.015833112717827946,-0.013399820506516447,-0.016102097915112763
2023-10-19,-0.008786305077294054,-0.012386161614440505,-0.008482848196321058,-0.011799180659265837
2023-10-20,-0.012288051595855998,-0.012469269085603085,-0.012585283719027562,-0.01247079621529889
2023-10-23,-0.0017332295409103748,-0.006349930336891796,-0.0016855698941634634,-0.006195322722942831
2023-10-24,0.007539467208081074,0.0063905096278458196,0.007265792222727274,0.006640194626996684
2023-10-25,-0.014352340011053122,-0.011021470121037491,-0.014339628627712542,-0.01160231907728268
2023-10-26,-0.011974464434559962,-0.0020661925949654325,-0.011832519778109618,-0.0016675003063314276
2023-10-27,-0.004532814510393002,-0.011536760294171056,-0.004800280229768528,-0.011954871417675842
2023-10-30,0.01195579639643607,0.007855720371360952,0.012010022325859904,0.007777170743891569
2023-10-31,0.006280243395604623,0.008314184828081661,0.006474957307233353,0.009286587974386034
2023-11-01,0.010664617842702562,0.0033866480349722394,0.010505999486313922,0.003344746579208367
2023-11-02,0.01916434270781031,0.022158689545455745,0.01885855702012762,0.021776499404289718
2023-11-03,0.00912345495814848,0.01636636538597447,0.009393730253031363,0.016713499053706202
2023-11-06,0.0023006354378025673,-0.005226423304897865,0.0017529924220356374,-0.0051872933936921925
2023-11-07,0.002845828267884487,-0.0021297869363323674,0.0028401189192852616,-0.0015960204210346029
2023-11-08,0.0007324117862090862,-0.001636571456599678,0.0010049156221052513,-0.001577042081813542
2023-11-09,-0.007798613319965453,-0.008480587392981964,-0.008083839306732843,-0.009122667329753852
2023-11-10,0.015604715087276677,0.0117156105561389,0.015616441094852496,0.01186155328588842
2023-11-13,-0.0009531810779693783,-0.0012788252946654977,-0.0008358389332403515,-0.0018183644551199526
2023-11-14,0.019400772365121943,0.028524692328518064,0.019075017703661823,0.02980086087761786
2023-11-15,0.002117086057831896,0.00470289047146788,0.0015970120755575135,0.0050943117871818525
2023-11-16,0.001223092010858906,-0.003304109572789149,0.0011904273935798848,-0.0030641648291232283
2023-11-17,0.0012438227768831744,0.004834604504222462,0.0012820490603360213,0.0045672540875310854
2023-11-20,0.0076976256679579524,0.003986729839521752,0.007390278097329839,0.004340635747361999
2023-11-21,-0.002179424203685665,-0.0018486142166856956,-0.0020209310950652926,-0.0018250522960470256
2023-11-22,0.0038607640202614757,0.0046638607542428545,0.00406112922094648,0.00485944400397448
2023-11-24,0.0006153298861910628,0.0029356033473242338,0.0005968736678840791,0.0031886750098123187
2023-11-27,-0.0018008303162347916,-0.002041933834522114,-0.001954157460090089,-0.002641874980476486
2023-11-28,0.0009900036303838178,-0.0009550263568335327,0.0009801185306033133,-0.0005266068580628855
2023-11-29,-0.0007033633563164887,0.003960055377801419,-0.0009462486392383118,0.0037160964811668268
2023-11-30,0.0039373577806038895,0.008500389701124877,0.0037840728581564065,0.007948339999713614
2023-12-01,0.0059159332584075575,0.015036882808428631,0.005873742123607695,0.015449678598820835
2023-12-04,-0.005249346358470519,0.00046539625151420516,-0.005408509126972105,0.00045692098828001103
2023-12-05,-0.00019712552008965822,-0.008898178826543313,-0.0005688697261614362,-0.00901505246939553
2023-12-06,-0.004029840954292263,0.00033507112723962784,-0.003906202808869552,0.0008713154822602569
2023-12-07,0.007630565993338667,0.0052913672094268005,0.007968189065892917,0.0051786622733227304
2023-12-08,0.004299109572013071,0.003131020170361598,0.00409549786994079,0.002520026811561196
2023-12-11,0.003889530902242866,0.008899635730811761,0.003924494286698943,0.009003735345459967
2023-12-12,0.00456728078917501,0.0017773363821567134,0.00459935752021523,0.001953465542795058
2023-12-13,0.013790131437190212,0.021224762012621357,0.013650676351045998,0.02169592502433482
2023-12-14,0.00320929808177417,0.013641454891368587,0.0026470624846992585,0.013531711748477365
2023-12-15,-0.0016465288275291368,-0.007109881169709897,-7.62494933082003e-05,-0.0064099814336322555
2023-12-18,0.0056251551127679544,0.0004429009738311507,0.004528344366900416,0.000808825357695138
2023-12-19,0.0060808128834979325,0.00840435631411296,0.005866407818910568,0.008640880190996642
2023-12-20,-0.013857197336850313,-0.016541298026838236,-0.014684266911006771,-0.017233767538030395
2023-12-21,0.009481878761340878,0.012291045339400286,0.010301467821202559,0.012381359793108202
2023-12-22,0.002009663437074538,0.003387037101374002,0.0016600585268868873,0.0030878785387256184
2023-12-26,0.00422266778564917,0.005732208982495601,0.0042316894655107795,0.005893432142619303
2023-12-27,0.0018079686645202653,0.0009499733389384257,0.0014304577464787638,0.0012345736432896174
2023-12-28,0.00037784419795383606,0.0022145342639339205,0.0003701746080437829,0.0016606563403305686
2023-12-29,-0.002894985928690641,-0.003851016816150299,-0.0028264750133749628,-0.0034437185630037098
2024-01-02,-0.005596383116412418,0.00031691209557571653,-0.005660579005492328,-0.00032443927654941606
2024-01-03,-0.008166680091558853,-0.014760947651650924,-0.008016314922730805,-0.014012608654546396
2024-01-04,-0.0032210750897244678,-0.0016718777629116666,-0.0034283812973570083,-0.0013894176225970592
2024-01-05,0.00136953399109907,0.002898767954510939,0.0018256861788026324,0.003791359911910807
2024-01-08,0.014275985591319929,0.010724954535552111,0.014114629309846638,0.010573120678962857
2024-01-09,-0.0015171280196250025,-0.005083417477869778,-0.0014779006799081618,-0.005310462896008886
2024-01-10,0.005655531631118871,0.0017245170550239663,0.00566597189372442,0.0019135128691309393
2024-01-11,-0.00044060704158532804,-0.0028691794629138734,-0.0006710555783868699,-0.0026473593604395417
2024-01-12,0.0006927159818934658,-0.002237734234376121,0.0007509755941104146,-0.00188701760467834
2024-01-16,-0.003671372612696011,-0.006344127347864492,-0.0037313402367431525,-0.006517063887539665
2024-01-17,-0.005558563034801178,-0.007868023869175289,-0.005616897183990499,-0.007821626152321315
2024-01-18,0.008892810333086754,0.005135399403363827,0.008805260963896,0.005827854429949277
2024-01-19,0.012466148799797905,0.007695610736559111,0.012313502764936146,0.008038453258924905
2024-01-22,0.0021143216898256156,0.005262646209128752,0.0021943252026270788,0.004916077937915142
2024-01-23,0.0029165435453932798,0.0005105504629052682,0.002921374261968035,0.0007078569231772025
2024-01-24,0.0010930682304626238,-0.0051683211278594765,0.0008119284117831249,-0.005641614700427168
2024-01-25,0.005438906700346413,0.010069793006751704,0.005260365527706368,0.009743871722174825
2024-01-26,-0.001270334204830692,0.000126881110884991,-0.0006517852510764532,0.0002076355196841814
2024-01-29,0.007919307801194542,0.006095576286597515,0.007556774896180896,0.006525193610956477
2024-01-30,-0.0007734281174205382,0.00018919473364520378,-0.0006006499345398986,0.00045550331038778715
2024-01-31,-0.0163173886337441,-0.012808247089324265,-0.016105744611597972,-0.01310254914088589
2024-02-01,0.013088310548540871,0.011632220151549078,0.012493688211609788,0.01220370445381781
2024-02-02,0.010527359580152273,-0.000884381615789076,0.01068444607751462,-0.0009773612809144462
2024-02-05,-0.0036412592956026613,-0.008600248039038139,-0.0031863375266721894,-0.009034578717878335
2024-02-06,0.0029033178002926263,0.006314791579534296,0.0023104108269635937,0.006218106071242818
2024-02-07,0.00834030485462911,0.003929811891136836,0.008241457963390042,0.004090265517749069
2024-02-08,0.00044175053131256803,0.002209719413405642,0.0005705832608251526,0.002270700597086907
2024-02-09,0.0057793359482620765,0.0011967540337500804,0.0057423415255595245,0.001949414352454841
2024-02-12,-0.00043889278834607914,0.006795570771734205,-0.0009489536011326738,0.006604147751618753
2024-02-13,-0.013772989470670738,-0.01662405984935733,-0.013674255653625456,-0.016956035573569492
2024-02-14,0.009087666865085442,0.009151372286597459,0.009579763275017639,0.0097259048599244
2024-02-15,0.0068997302180955344,0.012406649060531683,0.005821250684729495,0.011797259824399508
2024-02-16,-0.004979973581171526,-0.004540971230330926,-0.0048034698371121065,-0.0043814676051659495
2024-02-20,-0.005505444268469661,-0.0023119335204137004,-0.006005322001165325,-0.0031706573592012047
2024-02-21,0.0009058827445729278,0.0020039713040229667,0.001264199922982101,0.0030850482507545096
2024-02-22,0.020695425164566572,0.009938808749919481,0.02112288421741404,0.01004523580458571
2024-02-23,0.0006896579920787627,0.002661397196634052,0.0003479475462115911,0.0026231351786675607
2024-02-26,-0.0036624553660885573,-0.0040121629698228745,-0.003786751350190576,-0.0046775822145015
2024-02-27,0.0018577481830415188,0.004400134300496683,0.0017063496993998672,0.0046071969264216105
2024-02-28,-0.0013217647956973444,0.0003703763645734881,-0.001658155060430544,0.00040510906720410324
2024-02-29,0.0035949682739748745,0.004132638598754346,0.005229094697149161,0.005801408591143775
2024-03-01,0.009388207532692983,0.007002859790767646,0.00800782894888763,0.0055437373649640945
2024-03-04,-0.0010722151722707407,0.0018300780350393175,-0.0011932620709189656,0.002421263942501892
2024-03-05,-0.009994191022214438,-0.004566789023290552,-0.010193100883444606,-0.005289852897683456
2024-03-06,0.00506719125229993,0.005688634574070983,0.005141103203274655,0.0062298669797829975
2024-03-07,0.009926513873233178,0.007846274776730278,0.010304127925951478,0.007846481247323824
2024-03-08,-0.00600220881382052,-0.0011465822744251009,-0.0065285190034379825,-0.0011441624301900257
2024-03-11,-0.0008598627131740644,0.00126891182359401,-0.001122238087346461,0.002249720515445562
2024-03-12,0.010757410938595058,0.0025948456267326225,0.011201787981366396,0.0023614670588387237
2024-03-13,-0.0015675294192366573,0.0004813278564073098,-0.0019245297153407392,0.00022396854178801404
2024-03-14,-0.001976821879233537,-0.008963442610691819,-0.0028710915621273925,-0.009305386533387135
2024-03-15,-0.006866584964197897,-0.0019424657301609916,-0.006482917484461503,-0.001615634494188591
2024-03-18,0.005943093761497487,0.0027481990865567685,0.006318059504952345,0.0030169920158800018
2024-03-19,0.0055572112941100205,0.005968707647094007,0.0056491496501236416,0.005929963991994771
2024-03-20,0.009249098490474061,0.00853665105271939,0.008904173912846591,0.008635919574143834
2024-03-21,0.003304973163878122,0.006843643161621449,0.0032365354015160275,0.007168693567297662
2024-03-22,-0.0018960531701514016,-0.006439313032973626,-0.0014021878490156903,-0.006162367651171628
2024-03-25,-0.0027627136540651076,-0.0021604121711514823,-0.0030549644525015296,-0.002467246263943111
2024-03-26,-0.0018470924829974145,-0.0009622091797250043,-0.002799795225030266,-0.001439149989223699
2024-03-27,0.008403926346865154,0.016012527723391345,0.008630626525532925,0.016543759371639963
2024-03-28,-0.0001912187119730291,0.0034955377002496846,0.0011164855071790214,0.00427447733202088
2024-04-01,-0.0017395722580376694,-0.005904021516479618,-0.0020135845401164643,-0.005967182758799726
2024-04-02,-0.006358075428034238,-0.008611994381335752,-0.0072390590731691296,-0.009497426061874533
2024-04-03,0.0010984748083513463,0.0010782992233875355,0.001091122364688113,0.0007176802356654759
2024-04-04,-0.012206089715914858,-0.010173504438764303,-0.012334336350379616,-0.010524591828004711
2024-04-05,0.010446856590929254,0.005985243239994276,0.011099194174331695,0.006685354851399712
2024-04-08,0.0005592536868064268,0.0030653892625749357,-0.00037463099831791524,0.0027583355868290487
2024-04-09,0.0011566715338628963,0.0039544271524938335,0.0014454931932483817,0.004538222622220332
2024-04-10,-0.010013045800675857,-0.017008899166088165,-0.009456980649108493,-0.016816815765497577
2024-04-11,0.007546863400431425,-0.0007287038183234618,0.007444797710585593,-0.0011899872233076978
2024-04-12,-0.013802968858963038,-0.015857547719124954,-0.01455068829580164,-0.01569561293574819
2024-04-15,-0.012528166703078103,-0.008642810232674547,-0.01202135494776202,-0.008929989288318757
2024-04-16,-0.0018237876332101166,-0.005542551551259822,-0.0020565070133361507,-0.004883920070711564
2024-04-17,-0.005918300011035549,-0.002066385854956887,-0.005780602724641426,-0.0024699707968356575
2024-04-18,-0.0020576433156114238,-0.0009412112032245457,-0.002208160119998248,-0.0007545239625724939
2024-04-19,-0.008728397426554513,0.0037683916653517002,-0.00875854812743615,0.002538254437616715
2024-04-22,0.00920919755139571,0.007634191199595852,0.008731248071466746,0.007899491925152291
2024-04-23,0.011866636838578914,0.0088802838293367,0.011964576270872662,0.008983034044791144
2024-04-24,-0.00047465236734567373,0.001415717179288123,0.0002130100613548791,0.00161067832402626
2024-04-25,-0.0037989601429470055,-0.002089874529685787,-0.004576430353515626,-0.002844735306747125
2024-04-26,0.009473954297642972,0.0004928969214565981,0.01020914263474304,0.00147163295671902
2024-04-29,0.0035415504448335078,0.006956704622635312,0.0031784486665891176,0.00713133127959225
2024-04-30,-0.01584128666559137,-0.014428970599479451,-0.01573051358686217,-0.014756001450248057
2024-05-01,-0.003247212585474224,-0.003411945028639729,-0.0034354388154940185,-0.0031685186536562207
2024-05-02,0.009353450252192363,0.006162606086691946,0.009128437077573048,0.005739589303913263
2024-05-03,0.012395332543550186,0.007114495138697663,0.012556739721478527,0.007075244134640782
2024-05-06,0.010326672947620574,0.007678522338089744,0.01032612390701182,0.007993365061768856
2024-05-07,0.001103544897574693,0.0028042593398029947,0.0013434298232750663,0.003066366918998013
2024-05-08,9.654237104061991e-05,-0.00024308305530185148,-5.835618166138978e-06,-0.0007743451896640274
2024-05-09,0.005762108141257105,0.008391003393594554,0.005090947698625836,0.008572604033312201
2024-05-10,0.0012881685454666503,0.0016280777743138408,0.001649398844549843,0.0018248392444852096
2024-05-13,0.00013412692667547077,-0.00024063170731103423,-0.00024130405535727206,-0.0001327003578541177
2024-05-14,0.004588342714340943,0.003974095505071107,0.004837813139759728,0.004398705720665179
2024-05-15,0.012382885197038673,0.00797682954849721,0.011715927882596233,0.008107871757564946
2024-05-16,-0.002057402828565036,-0.001606383334455841,-0.0020816677921287052,-0.0013918022683340988
2024-05-17,0.0014375432226267915,0.0014898096023139296,0.0011647735102702228,0.001317801480792837
2024-05-20,0.0011519354291060768,-0.0008329618510631853,0.0009163899374069473,-0.0007857530599562352
2024-05-21,0.0024528214423564787,-0.00041701669481031267,0.002501874243978186,-0.000893211298066824
2024-05-22,-0.0028795136464881965,-0.0038133849443687806,-0.002706123039226127,-0.003521903169255785
2024-05-23,-0.007304161171391543,-0.013996200138655324,-0.0073807894850155265,-0.014969737591534256
2024-05-24,0.006616274435774727,0.006612303236012584,0.0070010425881694704,0.006736656548633419
2024-05-28,0.0006988699333558834,-0.00693013749804916,0.0002488018529340774,-0.007682086047385291
2024-05-29,-0.007002629786867498,-0.011712005699227923,-0.007367046509680453,-0.011385641190603263
2024-05-30,-0.006633757513665461,0.004605113710645536,-0.005975035585443322,0.004455309848586879
2024-05-31,0.009108274712344322,0.013263297549134467,0.00802787620486467,0.014001255556647671
2024-06-03,0.0008154781339302364,-0.005308350508691051,0.0011160825806737495,-0.004806551352992076
2024-06-04,0.0011176521585258836,-0.0030319358857351375,0.0015028090913065117,-0.0022973092616868367
2024-06-05,0.011885418543701398,0.006082698118109242,0.011847649793331305,0.006017984258686732
2024-06-06,-1.899194507060109e-05,-0.0019348483647775305,-0.00019981663563317653,-0.001997830358021159
2024-06-07,-0.001215742042282475,-0.0031498402209098053,-0.0011152197300303701,-0.0032575721610958335
2024-06-10,0.003089888959316278,0.0026737080532828195,0.0025808546645145203,0.0022162689519344345
2024-06-11,0.002408338954078104,-0.004121136764080102,0.0027103813151374556,-0.0035280914562097507
2024-06-12,0.008213109386135509,0.005355515436207936,0.008503672791998707,0.005432111853779767
2024-06-13,0.002013509619053,-0.0028451289133458735,0.0023446558536817097,-0.0024717228779510643
2024-06-14,0.0006083855988368025,-0.006374086588173844,-0.000393860697500914,-0.00637035137056825
2024-06-17,0.007958827233005561,0.007270222542970606,0.007664386564552705,0.00707889553230141
2024-06-18,0.002540949291689465,0.0024868258241594887,0.0025213273947457537,0.002315517081620317
2024-06-20,-0.0027167863638878353,0.0006050312510086364,-0.0025259318472709014,0.0010947056169561243
2024-06-21,-0.001340607764340862,0.0012698260761359048,-0.001562130321101196,0.001965230161046475
2024-06-24,-0.0032507395346381696,0.004808149160363984,-0.003065171894990004,0.005051594775292564
2024-06-25,0.0038507542067618417,-0.006878920364761121,0.003933590015736899,-0.0072853897173557535
2024-06-26,0.001248271227491493,-0.0037672588191304257,0.0015724312002203256,-0.0034035354822326168
2024-06-27,0.0015763471193552814,0.001219824724121077,0.0009073212238914774,0.0012629728142830243
2024-06-28,-0.00393506564198598,0.000731003138770614,-0.004083652583445674,0.0006612880700118851
